﻿CdStationMesureEauxSurface;LbStationMesureEauxSurface;DurStationMesureEauxSurface;CoordXStationMesureEauxSurface;CoordYStationMesureEauxSurface;CdProjStationMesureEauxSurface;LibelleProjection;CodeCommune;LbCommune;CodeDepartement;LbDepartement;CodeRegion;LbRegion;CdMasseDEau;CdEuMasseDEau;NomMasseDEau;CdEuSsBassinDCEAdmin;NomSsBassinDCEAdmin;CdBassinDCE;CdEuBassinDCE;NomEuBassinDCE;CdTronconHydrographique;CdCoursdEau;NomCoursdEau;CodeTypEthStationMesureEauxSurface;LibelleTypEthStationMesureEauxSurface;ComStationMesureEauxSurface;DateCreationStationMesureEauxSurface;DateArretActiviteStationMesureEauxSurface;DateMAJInfosStationMesureEauxSurface;FinaliteStationMesureEauxSurface;LocPreciseStationMesureEauxSurface;CodeNatureStationMesureEauxSurface;LibelleNatureStationMesureEauxSurface;AltitudePointCaracteritisque;PkPointTronconEntiteHydroPrincipale;PremierMoisAnneeEtiage;SuperficieBassinVersantReel;SuperficieBassinVersantTopo
"05117000";"La Garonne à Lamagistère";;525386;6338460;"26";"RGF93 / Lambert 93";"82049";"Donzac";"82";"Tarn-et-Garonne";"76";"Occitanie";"FR300B";"FRFR300B";"La Garonne du confluent de la Barguelonne au confluent du Gers";"FRF_GARO";"Garonne";"F";"FRF";"La Garonne, l'Adour, la Dordogne, la Charente et les cours d'eau côtiers charentais et aquitains";"O6140000";"O---0000";"La Garonne";"2";"Station qualité située sur un cours d'eau";;1971-01-01;;2023-04-03;;"Pont de Lamagistère";"M";"Station de mesure Manuelle";48;;;;
"05152000";"La Garonne à St-Aignan";;546032;6326710;"26";"RGF93 / Lambert 93";"82033";"Castelsarrasin";"82";"Tarn-et-Garonne";"76";"Occitanie";"FR296A";"FRFR296A";"La Garonne du confluent de l'Aussonnelle au confluent du Tarn";"FRF_GARO";"Garonne";"F";"FRF";"La Garonne, l'Adour, la Dordogne, la Charente et les cours d'eau côtiers charentais et aquitains";"O2900000";"O---0000";"La Garonne";"2";"Station qualité située sur un cours d'eau";;1971-01-01;;2023-04-03;"Evaluation";"Pont de la D12 à St-Aignan";"M";"Station de mesure Manuelle";69;;;;
"05154250";"La Garonne à Bourret";;553270;6318800;"26";"RGF93 / Lambert 93";"82023";"Bourret";"82";"Tarn-et-Garonne";"76";"Occitanie";"FR296A";"FRFR296A";"La Garonne du confluent de l'Aussonnelle au confluent du Tarn";"FRF_GARO";"Garonne";"F";"FRF";"La Garonne, l'Adour, la Dordogne, la Charente et les cours d'eau côtiers charentais et aquitains";"O2680000";"O---0000";"La Garonne";"2";"Station qualité située sur un cours d'eau";;1986-01-01;;2023-04-03;;"Pont de la N128 à Bourret";"M";"Station de mesure Manuelle";84;;;;
"05154500";"La Garonne à Verdun-sur-Garonne";;558727;6307670;"26";"RGF93 / Lambert 93";"82190";"Verdun-sur-Garonne";"82";"Tarn-et-Garonne";"76";"Occitanie";"FR296A";"FRFR296A";"La Garonne du confluent de l'Aussonnelle au confluent du Tarn";"FRF_GARO";"Garonne";"F";"FRF";"La Garonne, l'Adour, la Dordogne, la Charente et les cours d'eau côtiers charentais et aquitains";"O2620000";"O---0000";"La Garonne";"2";"Station qualité située sur un cours d'eau";;1973-01-01;;2018-04-20;;"Pont de la D6 à Verdun-sur-Garonne";"M";"Station de mesure Manuelle";95;;;;
"05174000";"La Garonne en amont de l'Ariège";;569591;6269450;"26";"RGF93 / Lambert 93";"31433";"Portet-sur-Garonne";"31";"Haute-Garonne";"76";"Occitanie";"FR252A";"FRFR252A";"La Garonne du confluent de l'Arize au confluent de l'Ariège";"FRF_GARO";"Garonne";"F";"FRF";"La Garonne, l'Adour, la Dordogne, la Charente et les cours d'eau côtiers charentais et aquitains";"O0980000";"O---0000";"La Garonne";"2";"Station qualité située sur un cours d'eau";;1971-01-01;;2023-09-04;"Evaluation";"Pont de la N20 à Pinsaguel";"M";"Station de mesure Manuelle";143;;;;
"05181000";"La Garonne à Labarthe Inard";;524137;6224090;"26";"RGF93 / Lambert 93";"31372";"Montespan";"31";"Haute-Garonne";"76";"Occitanie";"FR251";"FRFR251";"La Garonne du confluent de la Neste au confluent du Salat";"FRF_GARO";"Garonne";"F";"FRF";"La Garonne, l'Adour, la Dordogne, la Charente et les cours d'eau côtiers charentais et aquitains";"O0280000";"O---0000";"La Garonne";"2";"Station qualité située sur un cours d'eau";;1971-01-01;;2020-02-28;;"Pont de la D88 à Labarthe Inard";"M";"Station de mesure Manuelle";320;;;;
"05181800";"La Garonne à Valentine";;513145;6224760;"26";"RGF93 / Lambert 93";"31483";"Saint-Gaudens";"31";"Haute-Garonne";"76";"Occitanie";"FR251";"FRFR251";"La Garonne du confluent de la Neste au confluent du Salat";"FRF_GARO";"Garonne";"F";"FRF";"La Garonne, l'Adour, la Dordogne, la Charente et les cours d'eau côtiers charentais et aquitains";;"O---0000";"La Garonne";"2";"Station qualité située sur un cours d'eau";;1972-01-01;;2020-02-28;;"Pont de la D8 à Valentine";"M";"Station de mesure Manuelle";363;;;;
"05184000";"La Garonne au Pont du Roi";;514760;6197080;"26";"RGF93 / Lambert 93";"31190";"Fos";"31";"Haute-Garonne";"76";"Occitanie";"FR178";"FRFR178";"La Garonne du confluent du rieu argellé (inclus) au confluent de la Neste";"FRF_GARO";"Garonne";"F";"FRF";"La Garonne, l'Adour, la Dordogne, la Charente et les cours d'eau côtiers charentais et aquitains";"O0010000";"O---0000";"La Garonne";"2";"Station qualité située sur un cours d'eau";;1971-01-01;;2023-12-05;"Evaluation";"Pont de la N618C au Pont du Roi";"M";"Station de mesure Manuelle";578;;;;
